elytra,none,"100.5,83.43275703525718,460.5","100.5,52.53416998645786,512.3106983060144",20.0>20.0,"0b>1b",0,-,-,-,-,connected
== mode Vanilla
elytra,elytra-fly,"100.5,83.70873179905483,460.5","",20.0>,"0b>",8,7.6,8.1,-,glide,kicked
== mode Packet
elytra,elytra-fly,"100.5,83.98033869540832,460.5","100.5,159.73741760822082,632.5",20.0>20.0,"0b>0b",0,-,-,-,-,connected
== mode Pitch40
elytra,elytra-fly,"100.5,83.98033869540832,460.5","100.5,34.833552236927915,513.5540865738428",20.0>20.0,"0b>1b",0,-,-,-,-,connected
== mode Bounce
elytra,elytra-fly,"100.5,83.98033869540832,460.5","100.5,-59.16127285904092,465.0107181801892",20.0>20.0,"0b>1b",0,-,-,-,-,connected
elytra,none,"100.5,83.70873179905483,460.5","100.5,52.608915761501144,511.4856373062606",20.0>20.0,"0b>1b",0,-,-,-,-,connected
DONE
