walk,speed,"100.5,-60.0,0.5","100.5,-60.0,49.22000000000012",20.0>20.0,">",0,-,-,-,-,connected
water,jesus,"120.5,-60.0,0.5","",20.0>,">",5,5.9,6.4,-,nofall,kicked
wall,spider,"130.5,-60.0,0.5","130.5,-51.0,7.2007395397026555",20.0>20.0,">",3,6.7,7.4,-,fly,connected
fall,no-fall,"110.5,-52.0,0.5","110.5,-60.0,13.693194519628856",20.0>20.0,">",3,6.7,7.7,-,nofall,connected
step,step,"150.5,-60.0,0.5","",20.0>,">",2,6.3,6.3,-,step,kicked
ladder,fast-climb,"140.5,-60.0,0.5","",20.0>,">",5,6.6,6.9,-,ladder,kicked
web,no-slow,"170.5,-60.0,0.5","",20.0>,">",5,6.5,7.0,-,speed,kicked
bhop,long-jump,"100.5,-60.0,500.5","100.5,-60.0,538.0557225043167",20.0>20.0,">",0,-,-,-,-,connected
flyw,high-jump,"100.5,-60.0,0.5","100.5,-60.0,35.41673323353586",20.0>20.0,"0>0",0,-,-,-,-,connected
walk,timer,"100.5,-60.0,0.5","100.5,-60.0,35.26571977728539",20.0>20.0,">",0,-,-,-,-,connected
walk,blink,"100.5,-60.0,0.5","100.5,-60.0,0.5",20.0>20.0,">",3,17.4,17.4,-,speed,connected
walk,parkour,"","",>,">",0,-,-,-,-,kicked
walk,anti-hunger,"100.5,-60.0,0.5","100.5,-60.0,32.43853377599984",20.0>20.0,">",3,5.3,14.6,-,fly,connected
DONE
